Player,Nation,Pos,Squad,Comp,Age,Born,MP,Starts,Min,90s,GA,GA90,SoTA,Saves,Save%,CS,CS%,PSxG,PSxG/SoT,PSxG+/-,Opp,Stp,Stp%
Aarón Escandell,ESP,GK,Las Palmas,La Liga,27,1995,2,1,153,1.7,3,1.76,4,1,25.0,0,0.0,2.5,0.62,-0.5,24,1,4.2
Aaron Ramsdale,ENG,GK,Arsenal,Premier League,25,1998,6,6,540,6.0,5,0.83,14,9,64.3,2,33.3,3.7,0.26,-1.3,46,8,17.4
Aitor Fernández,ESP,GK,Osasuna,La Liga,32,1991,7,6,551,6.1,9,1.47,20,11,60.0,1,16.7,6.1,0.26,-2.9,69,1,1.4
Alaa Bellaarouch,MAR,GK,Strasbourg,Ligue 1,21,2002,15,15,1350,15.0,26,1.73,63,37,63.5,2,13.3,19.8,0.25,-5.2,203,19,9.4
Alban Lafont,FRA,GK,Nantes,Ligue 1,24,1999,28,28,2496,27.7,43,1.55,118,75,70.3,7,25.0,42.4,0.31,-0.6,385,33,8.6
Alessandro Sorrentino,ITA,GK,Monza,Serie A,21,2002,7,5,548,6.1,16,2.63,32,16,62.5,0,0.0,14.4,0.34,-1.6,62,3,4.8
Alessio Cragno,ITA,GK,Sassuolo,Serie A,29,1994,3,3,270,3.0,7,2.33,14,8,57.1,0,0.0,5.1,0.3,-0.9,37,3,8.1
Alex Meret,ITA,GK,Napoli,Serie A,26,1997,31,31,2773,30.8,40,1.3,104,62,63.5,5,16.1,38.0,0.33,-2.0,334,9,2.7
Álex Remiro,ESP,GK,Real Sociedad,La Liga,28,1995,37,37,3275,36.4,36,0.99,130,94,76.2,15,40.5,37.9,0.26,2.9,383,18,4.7
Alexander Brunst,GER,GK,Darmstadt 98,Bundesliga,28,1995,3,3,270,3.0,10,3.33,17,7,41.2,0,0.0,6.3,0.37,-3.7,51,3,5.9
Alexander Meyer,GER,GK,Dortmund,Bundesliga,32,1991,8,7,695,7.7,9,1.17,27,19,66.7,3,42.9,7.8,0.3,-0.2,107,8,7.5
Alexander Nübel,GER,GK,Stuttgart,Bundesliga,26,1996,30,30,2700,30.0,36,1.2,107,74,69.2,11,36.7,30.8,0.27,-2.2,341,30,8.8
Alexander Schwolow,GER,GK,Union Berlin,Bundesliga,31,1992,1,1,90,1.0,2,2.0,6,4,66.7,0,0.0,1.2,0.2,-0.8,13,0,0.0
Alexandre Oukidja,ALG,GK,Metz,Ligue 1,35,1988,34,34,2987,33.2,57,1.72,185,128,72.4,6,17.6,52.3,0.26,-4.7,569,46,8.1
Alisson,BRA,GK,Liverpool,Premier League,30,1992,28,28,2520,28.0,30,1.07,109,80,73.4,8,28.6,28.7,0.26,-0.3,299,13,4.3
Alphonse Areola,FRA,GK,West Ham,Premier League,30,1993,31,31,2699,30.0,53,1.77,188,136,74.5,4,12.9,52.1,0.24,2.1,468,27,5.8
Álvaro Vallés,ESP,GK,Las Palmas,La Liga,26,1997,37,37,3263,36.3,44,1.21,152,108,74.3,8,21.6,48.7,0.28,7.7,521,29,5.6
André Ferreira,POR,GK,Granada,La Liga,27,1996,15,14,1340,14.9,29,1.95,77,49,66.2,0,0.0,27.8,0.33,-0.2,195,6,3.1
André Onana,CMR,GK,Manchester Utd,Premier League,27,1996,38,38,3420,38.0,58,1.53,203,146,74.9,9,23.7,59.1,0.27,2.1,601,42,7.0
Andrea Consigli,ITA,GK,Sassuolo,Serie A,36,1987,35,35,3150,35.0,68,1.94,159,93,61.6,3,8.6,51.7,0.28,-13.3,545,23,4.2
Andreas Luthe,GER,GK,Bochum,Bundesliga,36,1987,1,1,90,1.0,4,4.0,4,1,0.0,0,0.0,2.7,0.68,-0.3,13,0,0.0
Andriy Lunin,UKR,GK,Real Madrid,La Liga,24,1999,21,21,1890,21.0,17,0.81,65,48,75.4,10,47.6,21.2,0.31,4.2,283,27,9.5
Anthony Lopes,POR,GK,Lyon,Ligue 1,32,1990,31,31,2790,31.0,49,1.58,155,106,71.0,9,29.0,43.5,0.25,-4.5,438,36,8.2
Antonio Mirante,ITA,GK,Milan,Serie A,40,1983,2,2,177,2.0,3,1.53,8,5,62.5,0,0.0,3.1,0.41,0.1,17,1,5.9
Antonio Sivera,ESP,GK,Alavés,La Liga,26,1996,34,34,3060,34.0,38,1.12,123,87,75.6,10,29.4,38.4,0.25,2.4,501,25,5.0
Arijanet Muric,KVX,GK,Burnley,Premier League,24,1998,10,10,900,10.0,16,1.6,78,62,80.8,0,0.0,21.7,0.26,6.7,143,20,14.0
Arnau Tenas,ESP,GK,Paris S-G,Ligue 1,22,2001,6,5,529,5.9,7,1.19,25,18,72.0,1,20.0,6.0,0.24,-1.0,71,2,2.8
Arthur Desmas,FRA,GK,Le Havre,Ligue 1,29,1994,33,33,2970,33.0,43,1.3,153,111,72.5,7,21.2,47.0,0.3,6.0,470,32,6.8
Augusto Batalla,ARG,GK,Granada,La Liga,27,1996,17,17,1530,17.0,28,1.65,86,58,67.4,3,17.6,22.6,0.27,-5.4,275,23,8.4
Bart Verbruggen,NED,GK,Brighton,Premier League,20,2002,21,21,1890,21.0,28,1.33,91,63,72.5,4,19.0,25.4,0.25,-2.6,232,17,7.3
Benjamin Lecomte,FRA,GK,Montpellier,Ligue 1,32,1991,30,30,2700,30.0,37,1.23,137,102,75.9,10,33.3,36.8,0.24,2.8,471,29,6.2
Benoît Costil,FRA,GK,Salernitana,Serie A,36,1987,13,13,1170,13.0,29,2.23,66,38,60.6,1,7.7,23.6,0.32,-4.4,212,2,0.9
Bernd Leno,GER,GK,Fulham,Premier League,31,1992,38,38,3420,38.0,61,1.61,190,133,72.1,10,26.3,55.7,0.26,-1.3,472,19,4.0
Boris Radunović,SRB,GK,Cagliari,Serie A,27,1996,7,7,630,7.0,12,1.71,27,16,55.6,2,28.6,10.1,0.38,-0.9,98,6,6.1
Brice Samba,FRA,GK,Lens,Ligue 1,29,1994,33,33,2970,33.0,35,1.06,136,101,78.7,14,42.4,42.3,0.27,8.3,388,32,8.2
Caoimhín Kelleher,IRL,GK,Liverpool,Premier League,24,1998,10,10,900,10.0,11,1.1,38,28,71.1,2,20.0,11.3,0.3,1.3,77,5,6.5
Cárdenas,ESP,GK,Rayo Vallecano,La Liga,26,1997,1,1,90,1.0,1,1.0,1,0,0.0,0,0.0,0.9,0.93,-0.1,5,0,0.0
Carlo Pinsoglio,ITA,GK,Juventus,Serie A,33,1990,1,0,45,0.5,0,0.0,3,3,100.0,1,,0.5,0.18,0.5,17,0,0.0
Christos Mandas,GRE,GK,Lazio,Serie A,21,2001,9,8,721,8.0,6,0.75,29,23,79.3,4,50.0,7.0,0.25,1.0,99,6,6.1
Claudio Bravo,CHI,GK,Betis,La Liga,40,1983,7,7,630,7.0,5,0.71,20,16,75.0,2,28.6,5.5,0.27,1.5,101,4,4.0
Cristian,ESP,GK,Valencia,La Liga,25,1998,1,0,57,0.6,1,1.58,3,2,66.7,0,,0.5,0.17,-0.5,12,0,0.0
Daniel Batz,GER,GK,Mainz 05,Bundesliga,32,1991,4,4,360,4.0,3,0.75,17,14,82.4,1,25.0,2.4,0.15,-0.6,38,4,10.5
Daniel Bentley,ENG,GK,Wolves,Premier League,30,1993,5,3,383,4.3,7,1.64,15,8,53.3,1,33.3,5.8,0.39,-1.2,50,0,0.0
Daniel Fuzato,BRA,GK,Getafe,La Liga,26,1997,1,0,7,0.1,2,25.71,2,0,0.0,0,,1.3,0.63,-0.7,5,1,20.0
Daniel Peretz,ISR,GK,Bayern Munich,Bundesliga,23,2000,1,0,17,0.2,0,0.0,0,0,,1,,0.0,,0.0,2,0,0.0
Daniele Sommariva,ITA,GK,Genoa,Serie A,26,1997,1,0,5,0.1,0,0.0,0,0,,1,,0.0,,0.0,2,1,50.0
David Gil,ESP,GK,Cádiz,La Liga,29,1994,5,4,372,4.1,8,1.94,24,17,66.7,1,25.0,5.3,0.26,-1.7,91,7,7.7
David Raya,ESP,GK,Arsenal,Premier League,27,1995,32,32,2880,32.0,24,0.75,69,45,68.1,16,50.0,20.4,0.26,-2.6,329,40,12.2
David Soria,ESP,GK,Getafe,La Liga,30,1993,38,38,3413,37.9,52,1.37,171,118,72.5,10,26.3,53.9,0.29,1.9,458,17,3.7
Dean Henderson,ENG,GK,Crystal Palace,Premier League,26,1997,18,18,1620,18.0,30,1.67,86,57,66.3,4,22.2,27.4,0.31,-1.6,246,5,2.0
Denis Petrić,SRB,GK,Nantes,Ligue 1,35,1988,1,0,24,0.3,1,3.75,1,0,0.0,0,,0.3,0.28,-0.7,4,0,0.0
Diego Mariño,ESP,GK,Almería,La Liga,33,1990,1,1,90,1.0,2,2.0,4,2,100.0,0,0.0,2.1,0.02,0.1,6,0,0.0
Dimitry Bertaud,COD,GK,Montpellier,Ligue 1,25,1998,4,4,360,4.0,11,2.75,34,23,67.6,0,0.0,10.9,0.32,-0.1,56,3,5.4
Dominik Greif,SVK,GK,Mallorca,La Liga,26,1997,1,1,90,1.0,0,0.0,4,4,100.0,1,100.0,0.7,0.16,0.7,12,0,0.0
Đorđe Petrović,SRB,GK,Chelsea,Premier League,23,1999,23,22,1987,22.1,38,1.72,108,73,65.7,5,22.7,28.3,0.26,-6.7,312,20,6.4
Ederson,BRA,GK,Manchester City,Premier League,29,1993,33,33,2785,30.9,27,0.87,82,56,70.7,10,30.3,27.2,0.3,1.2,247,25,10.1
Elia Caprile,ITA,GK,Empoli,Serie A,21,2001,23,23,2070,23.0,27,1.17,106,78,78.3,5,21.7,27.6,0.22,0.6,391,31,7.9
Emil Audero,ITA,GK,Inter,Serie A,26,1997,4,4,337,3.7,3,0.8,11,8,72.7,2,50.0,3.1,0.28,0.1,54,6,11.1
Emiliano Martínez,ARG,GK,Aston Villa,Premier League,30,1992,34,34,3015,33.5,48,1.43,139,95,66.2,8,23.5,50.8,0.37,6.8,373,45,12.1
Etrit Berisha,ALB,GK,Empoli,Serie A,34,1989,14,14,1260,14.0,25,1.79,74,49,68.9,4,28.6,20.7,0.24,-3.3,236,11,4.7
Fabian Bredlow,GER,GK,Stuttgart,Bundesliga,28,1995,4,4,360,4.0,3,0.75,22,19,86.4,1,25.0,5.0,0.23,2.0,55,1,1.8
Federico Ravaglia,ITA,GK,Bologna,Serie A,23,1999,6,6,535,5.9,3,0.5,18,13,83.3,4,66.7,5.5,0.25,2.5,73,1,1.4
Fernando,ESP,GK,Almería,La Liga,33,1990,4,4,360,4.0,10,2.5,23,13,56.5,0,0.0,8.5,0.37,-1.5,72,4,5.6
Filip Jørgensen,DEN,GK,Villarreal,La Liga,21,2002,36,36,3240,36.0,63,1.75,205,143,72.2,6,16.7,59.8,0.27,-2.2,650,34,5.2
Finn Dahmen,GER,GK,Augsburg,Bundesliga,25,1998,31,31,2790,31.0,52,1.68,158,106,71.5,3,9.7,49.3,0.26,-0.7,484,28,5.8
Fran Vieites,ESP,GK,Betis,La Liga,24,1999,4,3,315,3.5,4,1.14,18,14,77.8,2,66.7,4.5,0.25,0.5,65,3,4.6
Francesco Rossi,ITA,GK,Atalanta,Serie A,32,1991,1,0,5,0.1,0,0.0,1,1,100.0,1,,0.8,0.75,0.8,2,0,0.0
Frederik Rønnow,DEN,GK,Union Berlin,Bundesliga,30,1992,33,33,2970,33.0,56,1.7,162,105,68.5,7,21.2,51.7,0.28,-3.3,539,54,10.0
Gianluigi Donnarumma,ITA,GK,Paris S-G,Ligue 1,24,1999,25,25,2169,24.1,20,0.83,110,89,84.5,10,40.0,30.3,0.25,10.3,294,15,5.1
Giorgi Mamardashvili,GEO,GK,Valencia,La Liga,22,2000,37,37,3284,36.5,41,1.12,145,103,73.8,13,35.1,49.2,0.31,10.2,530,45,8.5
Grégoire Coudert,FRA,GK,Brest,Ligue 1,24,1999,3,2,181,2.0,0,0.0,4,4,100.0,2,100.0,0.3,0.07,0.3,24,0,0.0
Gregor Kobel,SUI,GK,Dortmund,Bundesliga,25,1997,27,27,2365,26.3,34,1.29,118,84,75.4,7,25.9,36.8,0.28,3.8,359,7,1.9
Guglielmo Vicario,ITA,GK,Tottenham,Premier League,26,1996,38,38,3420,38.0,61,1.61,167,109,67.7,7,18.4,60.0,0.32,2.0,511,33,6.5
Guillaume Dietsch,FRA,GK,Metz,Ligue 1,22,2001,1,0,73,0.8,1,1.23,3,2,66.7,0,,0.8,0.31,-0.2,14,1,7.1
Guillaume Restes,FRA,GK,Toulouse,Ligue 1,18,2005,34,34,3060,34.0,46,1.35,139,93,69.8,6,17.6,45.3,0.3,-0.7,490,7,1.4
Guillermo Ochoa,MEX,GK,Salernitana,Serie A,38,1985,21,21,1890,21.0,44,2.1,115,72,67.8,1,4.8,37.2,0.27,-5.8,342,9,2.6
Iñaki Peña,ESP,GK,Barcelona,La Liga,24,1999,10,10,900,10.0,17,1.7,39,22,56.4,2,20.0,13.9,0.36,-3.1,116,2,1.7
Ionuț Radu,ROU,GK,Bournemouth,Premier League,26,1997,2,2,180,2.0,7,3.5,11,4,36.4,0,0.0,2.9,0.27,-4.1,19,2,10.5
Iván Cuéllar,ESP,GK,Mallorca,La Liga,39,1984,1,1,90,1.0,1,1.0,6,5,83.3,0,0.0,1.2,0.19,0.2,6,1,16.7
Ivan Provedel,ITA,GK,Lazio,Serie A,29,1994,30,30,2699,30.0,33,1.1,119,86,73.9,9,30.0,31.3,0.24,-1.7,377,15,4.0
Iván Villar,ESP,GK,Celta Vigo,La Liga,26,1997,12,12,1014,11.3,18,1.6,44,26,63.6,0,0.0,16.3,0.31,-0.7,136,5,3.7
Ivo Grbić,CRO,GK,Sheffield Utd,Premier League,27,1996,9,9,771,8.6,25,2.92,59,36,57.6,0,0.0,14.7,0.25,-8.3,193,11,5.7
James Shea,ENG,GK,Luton Town,Premier League,32,1991,1,0,15,0.2,0,0.0,2,2,100.0,0,,0.1,0.06,0.1,3,0,0.0
James Trafford,ENG,GK,Burnley,Premier League,20,2002,28,28,2520,28.0,62,2.21,166,106,65.7,2,7.1,54.1,0.3,-5.9,419,30,7.2
Jan Oblak,SVN,GK,Atlético Madrid,La Liga,30,1993,38,38,3420,38.0,43,1.13,144,101,70.8,13,34.2,39.8,0.28,-3.2,579,36,6.2
Janis Blaswich,GER,GK,RB Leipzig,Bundesliga,32,1991,21,21,1890,21.0,30,1.43,76,46,65.8,5,23.8,25.3,0.28,-4.7,251,16,6.4
Jason Steele,ENG,GK,Brighton,Premier League,32,1990,17,17,1530,17.0,34,2.0,74,42,58.1,2,11.8,25.7,0.32,-6.3,173,7,4.0
Jaume Doménech,ESP,GK,Valencia,La Liga,32,1990,2,1,79,0.9,3,3.42,12,9,75.0,0,0.0,1.7,0.14,-1.3,19,1,5.3
Jean-Louis Leca,FRA,GK,Lens,Ligue 1,37,1985,1,1,90,1.0,2,2.0,2,0,0.0,0,0.0,1.0,0.49,-1.0,8,0,0.0
Jens Grahl,GER,GK,Eint Frankfurt,Bundesliga,34,1988,2,2,180,2.0,2,1.0,9,7,77.8,0,0.0,1.4,0.15,-0.6,33,4,12.1
Jeremías Ledesma,ARG,GK,Cádiz,La Liga,30,1993,34,34,3048,33.9,47,1.39,151,104,70.2,9,26.5,46.4,0.3,-0.6,526,53,10.1
Jesús Owono,EQG,GK,Alavés,La Liga,22,2001,4,4,360,4.0,8,2.0,24,16,66.7,1,25.0,6.4,0.27,-1.6,29,4,13.8
Jiří Pavlenka,CZE,GK,Werder Bremen,Bundesliga,31,1992,7,7,630,7.0,17,2.43,38,21,60.5,1,14.3,13.1,0.3,-3.9,109,7,6.4
Jonas Omlin,SUI,GK,Gladbach,Bundesliga,29,1994,7,7,630,7.0,18,2.57,47,29,66.0,0,0.0,13.3,0.24,-4.7,78,7,9.0
Jordan Pickford,ENG,GK,Everton,Premier League,29,1994,38,38,3420,38.0,51,1.34,165,117,73.9,13,34.2,52.4,0.28,4.4,570,30,5.3
José Sá,POR,GK,Wolves,Premier League,30,1993,35,35,3037,33.7,58,1.72,188,131,73.4,4,11.4,65.9,0.31,8.9,522,45,8.6
Josep Martinez,ESP,GK,Genoa,Serie A,25,1998,36,36,3239,36.0,43,1.19,130,87,69.2,8,22.2,38.9,0.28,-3.1,580,45,7.8
Juan Musso,ARG,GK,Atalanta,Serie A,29,1994,11,11,990,11.0,12,1.09,34,23,70.6,6,54.5,9.8,0.23,-1.2,110,10,9.1
Julen Agirrezabala,ESP,GK,Athletic Club,La Liga,22,2000,4,2,238,2.6,4,1.51,12,8,66.7,2,100.0,2.4,0.2,-1.6,41,2,4.9
Kepa Arrizabalaga,ESP,GK,Real Madrid,La Liga,28,1994,14,13,1198,13.3,9,0.68,38,30,76.3,8,61.5,10.0,0.28,2.0,157,6,3.8
Kevin Müller,GER,GK,Heidenheim,Bundesliga,32,1991,34,34,3060,34.0,55,1.62,174,121,72.4,6,17.6,53.6,0.27,1.6,495,24,4.8
Kevin Trapp,GER,GK,Eint Frankfurt,Bundesliga,33,1990,32,32,2880,32.0,48,1.5,137,87,71.5,7,21.9,48.3,0.28,0.3,452,16,3.5
Keylor Navas,CRC,GK,Paris S-G,Ligue 1,36,1986,4,4,360,4.0,6,1.5,12,6,58.3,1,25.0,4.7,0.31,-1.3,37,0,0.0
Koen Casteels,BEL,GK,Wolfsburg,Bundesliga,31,1992,25,25,2250,25.0,39,1.56,115,78,67.8,4,16.0,36.4,0.3,-0.6,335,25,7.5
Lapo Nava,ITA,GK,Milan,Serie A,19,2004,1,0,3,0.0,1,30.0,2,1,50.0,0,,0.9,0.5,-0.1,0,0,
Lorenzo Montipò,ITA,GK,Hellas Verona,Serie A,27,1996,37,37,3330,37.0,49,1.32,153,105,69.3,8,21.6,40.7,0.26,-7.3,487,22,4.5
Loris Karius,GER,GK,Newcastle Utd,Premier League,30,1993,1,1,90,1.0,4,4.0,7,4,42.9,0,0.0,2.0,0.29,-1.0,10,1,10.0
Luca Gemello,ITA,GK,Torino,Serie A,23,2000,2,2,180,2.0,5,2.5,9,4,55.6,0,0.0,3.6,0.31,-1.4,24,3,12.5
Lucas Chevalier,FRA,GK,Lille,Ligue 1,21,2001,33,33,2969,33.0,32,0.97,123,91,76.4,15,45.5,35.7,0.26,5.7,388,25,6.4
Luís Maximiano,POR,GK,Almería,La Liga,24,1999,33,33,2970,33.0,63,1.91,175,111,66.3,6,18.2,59.7,0.32,-3.3,551,25,4.5
Lukáš Hrádecký,FIN,GK,Leverkusen,Bundesliga,33,1989,33,33,2970,33.0,24,0.73,102,78,76.5,15,45.5,27.5,0.27,3.5,313,27,8.6
Łukasz Fabiański,POL,GK,West Ham,Premier League,38,1985,10,7,721,8.0,21,2.62,53,33,66.0,1,14.3,19.8,0.33,-0.2,114,8,7.0
Łukasz Skorupski,POL,GK,Bologna,Serie A,32,1991,32,32,2880,32.0,29,0.91,106,77,75.5,13,40.6,26.6,0.23,-1.4,432,12,2.8
Maduka Okoye,NGA,GK,Udinese,Serie A,23,1999,21,21,1890,21.0,25,1.19,89,65,75.3,5,23.8,23.9,0.24,-0.1,365,7,1.9
Manuel Neuer,GER,GK,Bayern Munich,Bundesliga,37,1986,23,23,2053,22.8,33,1.45,93,59,66.7,6,26.1,29.1,0.29,-3.9,231,9,3.9
Manuel Riemann,GER,GK,Bochum,Bundesliga,34,1988,33,33,2970,33.0,70,2.12,185,116,67.0,4,12.1,59.6,0.27,-7.4,510,35,6.9
Marc Martínez,ESP,GK,Granada,La Liga,33,1990,3,3,270,3.0,11,3.67,23,12,60.9,0,0.0,12.1,0.46,1.1,30,0,0.0
Marc-André ter Stegen,GER,GK,Barcelona,La Liga,31,1992,28,28,2520,28.0,27,0.96,102,75,75.5,15,53.6,27.7,0.25,0.7,334,13,3.9
Marcel Schuhen,GER,GK,Darmstadt 98,Bundesliga,30,1993,31,31,2790,31.0,76,2.45,198,123,62.1,3,9.7,68.0,0.34,-6.0,453,24,5.3
Marcin Bułka,POL,GK,Nice,Ligue 1,23,1999,34,34,3060,34.0,29,0.85,105,74,77.1,17,50.0,30.7,0.22,2.7,376,32,8.5
Marco Bizot,NED,GK,Brest,Ligue 1,32,1991,32,32,2876,32.0,34,1.06,129,94,75.2,13,40.6,36.2,0.27,2.2,382,18,4.7
Marco Carnesecchi,ITA,GK,Atalanta,Serie A,23,2000,27,27,2425,26.9,30,1.11,107,75,75.7,8,29.6,29.3,0.22,-0.7,332,20,6.0
Marco Silvestri,ITA,GK,Udinese,Serie A,32,1991,17,17,1530,17.0,28,1.65,68,40,67.6,4,23.5,25.7,0.29,-2.3,282,5,1.8
Marco Sportiello,ITA,GK,Milan,Serie A,31,1992,7,7,630,7.0,11,1.57,33,23,69.7,2,28.6,8.9,0.25,-1.1,81,5,6.2
Mark Flekken,NED,GK,Brentford,Premier League,30,1993,37,37,3285,36.5,63,1.73,176,113,65.3,7,18.9,55.4,0.31,-7.6,568,44,7.7
Mark Travers,IRL,GK,Bournemouth,Premier League,24,1999,4,4,360,4.0,5,1.25,18,13,77.8,2,50.0,5.0,0.23,0.0,60,3,5.0
Marko Dmitrović,SRB,GK,Sevilla,La Liga,31,1992,13,13,1170,13.0,25,1.92,68,44,66.2,2,15.4,22.6,0.3,-1.4,152,11,7.2
Martin Dúbravka,SVK,GK,Newcastle Utd,Premier League,34,1989,23,22,1985,22.1,42,1.9,130,87,70.8,5,22.7,42.2,0.29,0.2,296,20,6.8
Marvin Schwäbe,GER,GK,Köln,Bundesliga,28,1995,34,34,3060,34.0,60,1.76,168,108,66.1,4,11.8,62.0,0.36,2.0,504,14,2.8
Massamba Ndiaye,SEN,GK,Clermont Foot,Ligue 1,21,2001,4,4,360,4.0,6,1.5,24,18,79.2,0,0.0,7.8,0.29,1.8,75,7,9.3
Matej Kovar,CZE,GK,Leverkusen,Bundesliga,23,2000,1,1,90,1.0,0,0.0,3,3,100.0,1,100.0,0.4,0.15,0.4,3,1,33.3
Mathieu Gorgelin,FRA,GK,Le Havre,Ligue 1,32,1990,1,1,90,1.0,2,2.0,5,3,80.0,0,0.0,2.9,0.39,0.9,12,0,0.0
Matt Turner,USA,GK,Nott'ham Forest,Premier League,29,1994,17,17,1530,17.0,28,1.65,80,52,67.5,2,11.8,22.1,0.26,-5.9,296,30,10.1
Mattia Perin,ITA,GK,Juventus,Serie A,30,1992,3,3,225,2.5,1,0.4,5,4,80.0,1,33.3,1.2,0.25,0.2,29,2,6.9
Matz Sels,BEL,GK,Nott'ham Forest,Premier League,31,1992,16,16,1440,16.0,27,1.69,61,36,57.4,1,6.3,17.2,0.27,-7.8,223,11,4.9
Matz Sels,BEL,GK,Strasbourg,Ligue 1,31,1992,19,19,1710,19.0,24,1.26,62,40,62.9,3,15.8,20.0,0.31,-2.0,257,6,2.3
Michael Zetterer,GER,GK,Werder Bremen,Bundesliga,28,1995,27,27,2430,27.0,37,1.37,128,92,74.2,6,22.2,41.0,0.3,5.0,407,34,8.4
Michele Cerofolini,ITA,GK,Frosinone,Serie A,24,1999,8,7,675,7.5,11,1.47,28,18,60.7,3,42.9,5.9,0.22,-4.1,126,4,3.2
Michele Di Gregorio,ITA,GK,Monza,Serie A,26,1997,33,33,2872,31.9,35,1.1,159,122,79.9,12,36.4,45.4,0.26,10.4,469,19,4.1
Mike Maignan,FRA,GK,Milan,Serie A,28,1995,29,29,2609,29.0,34,1.17,120,86,77.5,10,34.5,29.8,0.19,-4.2,339,37,10.9
Mile Svilar,SRB,GK,Roma,Serie A,23,1999,15,15,1350,15.0,19,1.27,77,58,76.6,5,33.3,20.2,0.24,2.2,208,16,7.7
Moritz Nicolas,GER,GK,Gladbach,Bundesliga,25,1997,27,27,2430,27.0,49,1.81,160,111,71.9,4,14.8,45.1,0.26,-3.9,460,21,4.6
Mory Diaw,SEN,GK,Clermont Foot,Ligue 1,30,1993,30,30,2700,30.0,54,1.8,188,134,74.5,5,16.7,57.1,0.28,4.1,439,39,8.9
Neto,BRA,GK,Bournemouth,Premier League,34,1989,32,32,2880,32.0,55,1.72,165,110,69.7,7,21.9,55.2,0.31,1.2,413,26,6.3
Nick Pope,ENG,GK,Newcastle Utd,Premier League,31,1992,15,15,1345,14.9,16,1.07,58,42,72.4,5,33.3,16.8,0.3,0.8,143,9,6.3
Nicola Bagnolini,ITA,GK,Bologna,Serie A,19,2004,1,0,5,0.1,0,0.0,1,1,100.0,0,,0.0,0.02,0.0,0,0,
Nicola Leali,ITA,GK,Genoa,Serie A,30,1993,3,2,176,2.0,2,1.02,9,7,77.8,0,0.0,2.8,0.31,0.8,27,2,7.4
Nikita Contini Baranovsky,ITA,GK,Napoli,Serie A,27,1996,1,0,17,0.2,0,0.0,0,0,,1,,0.0,,0.0,1,0,0.0
Noah Atubolu,GER,GK,Freiburg,Bundesliga,21,2002,34,34,3060,34.0,58,1.71,158,99,65.2,10,29.4,50.0,0.3,-7.0,485,31,6.4
Odisseas Vlachodimos,GRE,GK,Nott'ham Forest,Premier League,29,1994,5,5,450,5.0,12,2.4,22,10,50.0,1,20.0,7.9,0.31,-4.1,92,3,3.3
Oliver Baumann,GER,GK,Hoffenheim,Bundesliga,33,1990,34,34,3060,34.0,66,1.94,211,143,69.7,2,5.9,68.6,0.31,3.6,545,31,5.7
Oliver Christensen,DEN,GK,Fiorentina,Serie A,24,1999,4,4,360,4.0,9,2.25,19,10,63.2,0,0.0,4.7,0.15,-4.3,32,1,3.1
Ørjan Nyland,NOR,GK,Sevilla,La Liga,32,1990,24,24,2160,24.0,27,1.13,104,78,76.9,6,25.0,29.8,0.26,3.8,359,20,5.6
Pau López,ESP,GK,Marseille,Ligue 1,28,1994,33,33,2939,32.7,39,1.19,124,86,71.0,7,21.2,32.6,0.24,-5.4,406,15,3.7
Paulo Gazzaniga,ARG,GK,Girona,La Liga,31,1992,38,38,3420,38.0,46,1.21,168,121,75.6,12,31.6,51.1,0.28,5.1,534,41,7.7
Pavao Pervan,AUT,GK,Wolfsburg,Bundesliga,35,1987,9,9,810,9.0,17,1.89,36,20,52.8,2,22.2,11.5,0.32,-4.5,127,1,0.8
Pepe Reina,ESP,GK,Villarreal,La Liga,40,1982,2,2,180,2.0,2,1.0,9,7,77.8,0,0.0,1.9,0.21,-0.1,38,1,2.6
Péter Gulácsi,HUN,GK,RB Leipzig,Bundesliga,33,1990,13,13,1170,13.0,9,0.69,41,33,78.0,5,38.5,10.3,0.25,2.3,175,7,4.0
Philipp Köhn,SUI,GK,Monaco,Ligue 1,25,1998,22,22,1980,22.0,32,1.45,97,65,72.2,5,22.7,32.0,0.27,1.0,282,22,7.8
Pierluigi Gollini,ITA,GK,Napoli,Serie A,28,1995,7,7,630,7.0,8,1.14,24,16,66.7,1,14.3,8.2,0.34,0.2,82,5,6.1
Pietro Terracciano,ITA,GK,Fiorentina,Serie A,33,1990,33,33,2970,33.0,35,1.06,126,90,77.0,8,24.2,40.2,0.27,5.2,307,7,2.3
Predrag Rajković,,GK,Mallorca,La Liga,27,1995,36,36,3240,36.0,43,1.19,138,95,71.7,9,25.0,41.8,0.27,-0.2,502,33,6.6
Radosław Majecki,,GK,Monaco,Ligue 1,23,1999,12,12,1080,12.0,10,0.83,54,45,81.5,7,58.3,14.7,0.29,5.7,160,13,8.1
Raffaele Di Gennaro,,GK,Inter,Serie A,29,1993,1,0,23,0.3,0,0.0,4,4,100.0,0,,0.5,0.13,0.5,4,0,0.0
Raúl Fernández,,GK,Granada,La Liga,35,1988,4,4,280,3.1,11,3.54,17,7,35.3,0,0.0,7.8,0.46,-2.2,36,4,11.1
Remi Matthews,,GK,Crystal Palace,Premier League,29,1994,1,0,4,0.0,1,22.5,1,0,0.0,0,,0.1,0.15,-0.9,1,1,100.0
Rémy Descamps,,GK,Nantes,Ligue 1,27,1996,6,6,540,6.0,11,1.83,37,26,73.0,1,16.7,12.5,0.35,1.5,116,8,6.9
Rémy Riou,,GK,Lyon,Ligue 1,35,1987,3,3,270,3.0,6,2.0,14,8,57.1,1,33.3,4.7,0.33,-1.3,32,3,9.4
Robert Sánchez,,GK,Chelsea,Premier League,25,1997,16,16,1433,15.9,25,1.57,78,52,70.5,3,18.8,24.2,0.28,-0.8,202,19,9.4
Robin Olsen,,GK,Aston Villa,Premier League,33,1990,5,4,405,4.5,13,2.89,34,20,61.8,0,0.0,11.1,0.3,-1.9,46,6,13.0
Robin Zentner,,GK,Mainz 05,Bundesliga,28,1994,30,30,2700,30.0,48,1.6,128,81,64.8,7,23.3,49.2,0.37,2.2,393,42,10.7
Rubén Blanco,,GK,Marseille,Ligue 1,28,1995,2,1,121,1.3,2,1.49,6,4,66.7,0,0.0,1.3,0.21,-0.7,24,4,16.7
Rui Patrício,,GK,Roma,Serie A,35,1988,23,23,2070,23.0,27,1.17,74,49,66.2,6,26.1,23.4,0.29,-1.6,309,16,5.2
Rui Silva,,GK,Betis,La Liga,29,1994,28,28,2475,27.5,36,1.31,120,85,75.8,9,32.1,37.5,0.26,3.5,375,31,8.3
Sam Johnstone,,GK,Crystal Palace,Premier League,30,1993,20,20,1796,20.0,27,1.35,67,41,62.7,6,30.0,20.0,0.27,-6.0,339,24,7.1
Samuele Perisan,,GK,Empoli,Serie A,25,1997,1,1,90,1.0,2,2.0,5,3,60.0,0,0.0,0.7,0.14,-1.3,18,0,0.0
Sergio Herrera,,GK,Osasuna,La Liga,30,1993,32,32,2869,31.9,47,1.47,132,84,64.4,9,28.1,45.6,0.34,-1.4,468,29,6.2
Simone Aresti,,GK,Cagliari,Serie A,37,1986,1,0,1,0.0,1,90.0,1,0,100.0,0,,1.0,0.0,0.0,3,0,0.0
Simone Perilli,,GK,Hellas Verona,Serie A,28,1995,1,1,90,1.0,2,2.0,10,8,80.0,0,0.0,2.7,0.29,0.7,5,0,0.0
Simone Scuffet,,GK,Cagliari,Serie A,27,1996,31,31,2789,31.0,55,1.77,129,76,59.7,3,9.7,45.1,0.33,-7.9,482,22,4.6
Stefan Ortega,,GK,Manchester City,Premier League,30,1992,9,5,635,7.1,7,0.99,27,20,74.1,3,60.0,9.0,0.33,2.0,65,6,9.2
Stefano Turati,,GK,Frosinone,Serie A,21,2001,31,31,2745,30.5,58,1.9,152,94,65.1,4,12.9,47.5,0.28,-9.5,412,18,4.4
Steve Mandanda,,GK,Rennes,Ligue 1,38,1985,34,34,3060,34.0,46,1.35,147,104,70.7,7,20.6,38.2,0.25,-4.8,451,36,8.0
Stole Dimitrievski,,GK,Rayo Vallecano,La Liga,29,1993,37,37,3330,37.0,47,1.27,150,104,69.3,13,35.1,46.9,0.31,1.9,529,23,4.3
Sven Ulreich,,GK,Bayern Munich,Bundesliga,34,1988,11,11,990,11.0,12,1.09,31,19,64.5,4,36.4,11.8,0.35,-0.2,108,5,4.6
Thibaut Courtois,,GK,Real Madrid,La Liga,31,1992,4,4,332,3.7,0,0.0,15,15,100.0,3,75.0,3.1,0.22,3.1,47,2,4.3
Thomas Kaminski,,GK,Luton Town,Premier League,30,1992,38,38,3405,37.8,85,2.25,221,140,63.3,2,5.3,77.6,0.34,-3.4,558,16,2.9
Thomas Strakosha,,GK,Brentford,Premier League,28,1995,2,1,135,1.5,2,1.33,8,6,75.0,0,0.0,1.5,0.2,-0.5,37,2,5.4
Tomáš Koubek,,GK,Augsburg,Bundesliga,30,1992,3,3,270,3.0,8,2.67,25,17,68.0,0,0.0,6.7,0.29,-1.3,36,2,5.6
Tommaso Martinelli,,GK,Fiorentina,Serie A,17,2006,1,1,90,1.0,2,2.0,3,1,33.3,0,0.0,1.4,0.45,-0.6,14,0,0.0
Unai Marrero,,GK,Real Sociedad,La Liga,21,2001,2,1,142,1.6,3,1.9,5,2,60.0,0,0.0,2.9,0.37,-0.1,27,1,3.7
Unai Simón,,GK,Athletic Club,La Liga,26,1997,36,36,3182,35.4,33,0.93,122,90,73.8,16,44.4,38.0,0.28,9.0,450,31,6.9
Vanja Milinković-Savić,,GK,Torino,Serie A,26,1997,36,36,3240,36.0,31,0.86,134,103,81.3,18,50.0,33.8,0.21,2.8,407,38,9.3
Vicente Guaita,,GK,Celta Vigo,La Liga,36,1987,27,26,2403,26.7,39,1.46,120,83,70.8,6,23.1,39.7,0.31,2.7,420,23,5.5
Vincenzo Fiorillo,,GK,Salernitana,Serie A,33,1990,4,4,360,4.0,8,2.0,26,18,69.2,0,0.0,7.3,0.28,-0.7,77,4,5.2
Vito Mannone,,GK,Lille,Ligue 1,35,1988,2,1,91,1.0,2,1.98,5,3,60.0,0,0.0,1.7,0.35,-0.3,11,2,18.2
Wes Foderingham,,GK,Sheffield Utd,Premier League,32,1991,30,29,2649,29.4,79,2.68,204,130,63.7,1,3.4,70.5,0.33,-3.5,468,28,6.0
Wladimiro Falcone,,GK,Lecce,Serie A,28,1995,38,38,3420,38.0,54,1.42,173,119,71.7,7,18.4,53.2,0.28,0.2,522,20,3.8
Wojciech Szczęsny,,GK,Juventus,Serie A,33,1990,35,35,3150,35.0,30,0.86,108,79,74.1,15,42.9,28.3,0.24,0.3,555,26,4.7
Yann Sommer,,GK,Inter,Serie A,34,1988,34,34,3060,34.0,19,0.56,98,78,82.7,19,55.9,25.5,0.23,6.5,395,18,4.6
Yassine Bounou,,GK,Sevilla,La Liga,32,1991,1,1,90,1.0,2,2.0,3,1,33.3,0,0.0,1.1,0.37,-0.9,9,0,0.0
Yehvann Diouf,,GK,Reims,Ligue 1,23,1999,34,34,3060,34.0,47,1.38,137,90,70.1,8,23.5,42.7,0.27,-3.3,522,38,7.3
Yvon Mvogo,,GK,Lorient,Ligue 1,29,1994,34,34,3060,34.0,66,1.94,207,142,72.0,4,11.8,63.1,0.27,-1.9,591,24,4.1
